Бренд,Название продукта,Цена
Stereotype,Brace,8700
Neydo,Far very far 18.08,4960
Neydo,Pulsation 11.07,6200
Bon Parfumeur Paris!,"902 – armagnac, tabac blond, cannelle",3605
Zielinski & Rozen,Spicy & wood,4500
FOR ME by gold apple,Conquer me,7900
FOR ME by gold apple,Mesmerize me,2800
Birkholz,Tobacco Sense,45835
Byredo,Gypsy Water,19574
SIU,HYGGE,14630
Shiseido,GINZA EAU DE PARFUM,8281
Versace,Versense,5700
Stereotype,Sago,8700
BOIS 1920,Parana,29785
Narciso Rodriguez,Narciso cristal,9075
NICHEEND,KEPLER-51D,16800
BESO BEACH,Beso dorado,15681
Burberry,Her,14130
by MAF,Abracadabra extrait,2217
Jean Paul Gaultier,SCANDAL LE PARFUM,12487
ESSENTIAL PARFUMS PARIS,BOIS IMPERIAL by Quentin Bisch,4619
SYNONYME,AHLMANN [01],5290
Liquides Imaginaires,BLOODY WOOD,24360
DEXCLUSIVE,Morning Sandalwood Jasmine,280
